id,body
981,殺戮?場
2034,幻城
3004,LEGION
3507,ほのぼのゲームの集
8381,SOUL ARMY
9310,もえもえ〜
10541,ケロロ小隊
13069,一騎当千
14768,秋菊の四君子
15143,☆STATICS☆
15612,革命の大天使
15674,藍墨茶の蟷螂軍団
18801,X
19044,Felagi
19314,Frotier
22055,ZELDA
22212,Miniworld
24588,OмHuD
25196,赤い翼
25809,玉抜けオンライン
26363,絶対零度
26463,ミミッキュ爆殺連邦
27016,仲良しクラン
27709,アワビの狩人
37959,もちゅぴちゅ
28558,ピクトリーズ
29009,奉仕部
29716,shamu
30009,集まれハムちゃんず
30018,Lupinus
30943,復活のGOD
30707,エンジェル
30959,剣豪
31636,スナ組
31770,火星
31997,食用エビ
23068,南天
32371,月詠
32412,Yadaa！
32475,火之迦具土神
32654,+mel
32916,wecandoit
34654,きゃらめる
34755,F!rsT
34937,ミチコのパン屋さん
35269,株式会社Goro
37070,イイ波のってんねぇ～
37569,プロテクト
37833,GodHeart
37912,ROT
37953,水果家族
39526,genocide
40000,sky
40511,明日から本気だす
